<?xml version="1.0" encoding="UTF-8"?>
<!--
~  Copyright (c) 2016, WSO2 Inc. (http://wso2.com) All Rights Reserved.
~
~  WSO2 Inc. licenses this file to you under the Apache License,
~  Version 2.0 (the "License"); you may not use this file except
~  in compliance with the License.
~  You may obtain a copy of the License at
~
~   http://www.apache.org/licenses/LICENSE-2.0
~
~  Unless required by applicable law or agreed to in writing,
~  software distributed under the License is distributed on an
~  "AS IS" BASIS, WITHOUT WARRANTIES OR CONDITIONS OF ANY
~  KIND, either express or implied.  See the License for the
~  specific language governing permissions and limitations
~  under the License.
-->
<template name="init" xmlns="http://ws.apache.org/ns/synapse">
    <parameter name="secureConnection" description="Boolean value for the secure connection."/>
    <parameter name="disableSSLCertificateChecking"
               description="Boolean value to whether check certificate or not."/>
    <parameter name="providerUrl" description="URI of the LDAP directory."/>
    <parameter name="securityPrincipal" description="Username of the user used to log in to LDAP."/>
    <parameter name="securityCredentials"
               description="Password of the user used to log in to LDAP."/>
    <sequence>
        <property expression="$func:secureConnection" name="secureConnection" scope="default"
                  type="STRING"/>
        <property
                expression="$func:disableSSLCertificateChecking"
                name="disableSSLCertificateChecking" scope="default" type="STRING"/>
        <property
                expression="$func:providerUrl" name="providerUrl" scope="default" type="STRING"/>
        <property
                expression="$func:securityPrincipal" name="securityPrincipal"
                scope="default" type="STRING"/>
        <property
                expression="$func:securityCredentials" name="securityCredentials"
                scope="default" type="STRING"/>

        <class name="org.wso2.carbon.connector.ldap.Init"/>
    </sequence>
</template>
