<?xml version="1.0" encoding="UTF-8"?>
<!--
~  Copyright (c) 2016, WSO2 Inc. (http://wso2.com) All Rights Reserved.
~
~  WSO2 Inc. licenses this file to you under the Apache License,
~  Version 2.0 (the "License"); you may not use this file except
~  in compliance with the License.
~  You may obtain a copy of the License at
~
~   http://www.apache.org/licenses/LICENSE-2.0
~
~  Unless required by applicable law or agreed to in writing,
~  software distributed under the License is distributed on an
~  "AS IS" BASIS, WITHOUT WARRANTIES OR CONDITIONS OF ANY
~  KIND, either express or implied.  See the License for the
~  specific language governing permissions and limitations
~  under the License.
-->
<template name="searchEntry" xmlns="http://ws.apache.org/ns/synapse">
    <parameter name="onlyOneReference"
               description="Boolean value whether to guarantee or not only one reference."/>
    <parameter name="objectClass" description="The object class of the entry you need to search."/>
    <parameter name="filters"
               description="The keywords to use in the search. The keywords should be specified as
               comma separated key-value pairs."/>
    <parameter name="dn" description="The distinguished name of the entry you need to search."/>
    <parameter name="attributes"
               description="The attributes of the LDAP entry that should be included in the search
               result."/>
    <sequence>
        <property expression="$func:onlyOneReference" name="onlyOneReference" scope="default"
                  type="STRING"/>
        <property expression="$func:objectClass" name="objectClass" scope="default" type="STRING"/>
        <property expression="$func:filters" name="filters" scope="default" type="STRING"/>
        <property expression="$func:dn" name="dn" scope="default" type="STRING"/>
        <property expression="$func:attributes" name="attributes" scope="default" type="STRING"/>

        <class name="org.wso2.carbon.connector.ldap.SearchEntry"/>
    </sequence>
</template>
